fitted_values,original_values
-0.38501009,-0.301274197
0.027265055,0.115497518
1.532034036,0.429682618
0.771579205,0.429682618
0.821801515,-0.754380619
1.518800921,1.240772707
1.50244758,-0.467457862
0.523120935,0.002179739
0.485168132,0.975136555
1.402470301,-0.516893358
1.165980574,1.667075124
-0.137367504,0.179223318
1.666136511,0.614448634
1.410060077,0.958270205
-0.088581223,0.144622228
-0.319290365,-0.514471472
1.846532447,0.766243309
1.680592977,-0.193431427
1.450370821,-0.485644501
1.358735498,-0.011348507
0.400169605,0.157442362
-0.085398257,-0.753061317
-0.157810025,0.125564522
2.063437737,-0.235498289
1.760127517,-0.235498289
1.26289829,-0.648342487
1.040079058,0.628695062
0.972259162,-0.861741293
0.432527255,-0.10478627
0.942026493,-1.82822441
1.133980989,-0.792016826
0.832495031,-0.527193331
0.869262145,-0.44528405
1.500379059,-0.235498289
0.787398708,-0.648342487
0.344675517,0.628695062
-0.181031054,-0.783467239
0.178718561,-1.212897709
0.396212134,-0.10478627
0.534418588,-1.82822441
0.736898135,-0.792016826
0.438050818,-0.527193331
0.379047898,-0.44528405
0.315855678,-0.722303617
0.629029955,-0.507779479
1.461211223,0.509345979
0.793233308,-0.250323907
0.137445331,-0.607354487
-0.175627812,-0.638554591
-0.00395132,0.33859382
0.186203234,-0.699363369
0.228122834,-0.633105636
0.283974465,-0.753089973
0.324216007,-0.651439111
0.731735996,-0.419290023
0.469202823,-0.606446198
0.466826629,-0.648581185
0.863856349,-0.690149931
1.186867451,0.711281463
0.617550816,0.158327485
0.271485857,0.158327485
-0.258287877,-0.319734978
-0.078867955,-0.782508824
0.173945115,-0.072068748
0.271193834,-0.135626247
0.155095611,-0.240143013
0.433613438,0.079971735
0.426484202,-0.395704033
0.684870514,-1.777283543
0.353992463,-0.506672616
0.40561373,-0.692709531
0.583897899,-0.158400449
1.024721016,0.149075095
1.283666317,0.69761563
1.468085617,0.131036467
0.880857241,-0.027483311
0.653360605,-1.202256629
0.38678359,0.253545604
-0.287695653,-1.191150404
-0.037577865,-0.387643426
0.491457488,-0.61778766
0.705106635,1.282676145
0.481956714,-0.699544543
0.377425492,0.081958546
0.561067431,-0.92634749
1.679085066,-1.352219058
1.198344099,-0.537200107
0.767225951,-0.317439424
0.199362261,0.125921943
0.424426368,-0.229588139
-0.000416684,-0.74988541
0.032469076,-1.138680827
0.168807091,-1.593168895
0.211039464,-0.328967315
0.27866703,0.158185821
0.513247283,0.026494518
0.708254843,-0.788641661
0.693069455,-0.086182656
0.575570425,-0.068726514
0.642445132,0.034751439
2.592708837,0.199673594
2.178396909,-0.294703573
2.376127802,-0.294703573
1.26726083,-0.160169979
0.680810545,0.215091796
0.102373979,0.315182174
0.141489511,-0.038091508
0.195486112,-0.200416572
0.329025088,-0.789538156
0.162753646,-1.306115879
0.41696525,0.704835834
0.632939901,-0.521417246
0.596763092,-0.563596241
0.282137364,-0.772569075
0.169043871,-0.411237281
0.169994934,-1.153716189
0.041603173,-1.434360503
0.007992273,-2.069342748
2.226370865,-0.299600366
2.208581253,1.44268413
2.114304779,-0.66719377
1.774832628,2.40706095
1.203595275,-0.225121291
0.810886376,-0.559944118
0.015506145,-1.10626835
0.017368267,-1.60146536
0.381076516,-0.418398628
0.606652544,-1.503516951
0.484600368,-0.743504316
0.498607143,-0.743504316
0.333262425,-0.79205598
0.369945471,-1.217697122
0.200528613,-1.189804876
0.265120256,-0.752147382
0.457879491,-0.842634802
0.374607902,-0.422472754
0.539066209,-0.757485887
0.171692036,-0.310552556
0.019397189,-0.049721581
0.069702143,-3.492024385
0.038593751,-0.326904703
2.134705955,-0.379109483
1.692539357,0.722885148
1.733946604,1.208565659
0.872527521,-0.45598067
1.023434732,-0.45598067
0.643338511,-0.514090087
0.793737115,0.952505541
0.597442178,-0.595868112
0.41190479,-1.357164421
0.470525055,-1.981434751
0.621097739,-1.510913246
0.721225452,-0.540274741
0.607975958,-1.667050837
0.315965252,-1.667050837
0.394515049,0.206236433
0.026889673,-1.090387387
0.494371264,0.047809598
0.072797945,0.207814436
0.169954391,-0.510931383
0.451654834,0.22298275
0.313978425,-1.61530809
0.256098408,-1.198402631
0.44220931,-1.198402631
0.434501556,-0.564487929
0.738497354,-1.164327047
0.434092722,-0.306803419
0.210598959,-1.037766576
0.328643803,0.09376549
-0.002446152,-1.352874006
2.532242565,1.873640767
2.518511188,-1.584210725
1.448786457,0.936396431
1.058277278,-0.391825789
0.600179876,-1.422735967
0.845340343,-1.422735967
0.877460369,-0.446180901
0.625017595,-0.394421763
0.595246598,-0.741968445
0.622803402,-1.013273175
0.756159077,-0.670664282
0.400661096,0.447239725
-0.068527939,-1.466255531
0.151635107,-0.966576503
0.279708084,-0.444741898
0.113152342,-1.836497178
0.333348325,-1.09940743
0.067296918,-1.298615959
0.338769034,-1.298615959
0.42426447,-1.002364649
0.577597412,-1.601597599
0.527708854,-2.042628695
0.731290457,-0.550026148
0.921514504,0.102439848
0.313694335,-0.675203331
0.318863069,-0.137316969
1.952039747,1.873640767
1.12224077,-0.73158157
1.253918248,0.936396431
0.392657721,-0.391825789
0.242570628,-1.422735967
0.491577527,-1.422735967
0.552049839,-0.446180901
0.541945917,-0.394421763
0.454255319,-0.741968445
0.56967284,-1.013273175
0.527236571,-0.670664282
0.389018095,0.447239725
-0.112548249,-0.966576503
0.143660875,-1.09940743
0.098687372,-1.298615959
0.163048576,-1.298615959
0.190355088,-1.002364649
0.462660028,-1.601597599
0.971191936,-0.015706057
1.077709388,-0.5785749
0.889871712,-0.550026148
1.152071927,0.102439848
1.045617066,0.102439848
0.896043741,-1.542183845
0.364062297,-0.675203331
0.457591205,-0.137316969
1.102034447,-0.76450362
0.764258835,0.025163058
0.921165282,-0.878652778
0.038413263,-1.029295525
0.056083326,-0.083343181
0.53450171,-0.083343181
0.462405093,-0.404222374
0.583813438,-0.396525871
0.807539837,-0.337635632
0.560411613,0.200958755
0.347181004,-1.813028159
0.129993565,-1.075605927
-0.15178085,-1.440666606
0.118626932,-0.905837526
0.156436136,-0.981025272
0.107614962,-0.505460213
0.146541169,-0.707862528
0.215832258,-0.707862528
0.606017408,-1.613305992
0.503058632,-1.533135919
0.764606675,-1.452180441
0.773820882,-0.728267699
0.84888194,-0.514785989
0.859208263,-0.553452382
0.432963133,0.343068003
0.400192962,0.559748459
0.776350996,0.017795658
-0.010894695,-1.126668656
0.098923814,0.228454773
0.15428754,0.228454773
0.477224279,-0.959434163
0.669314092,-0.552343532
0.70149478,-1.426316537
0.775663731,-0.053850788
0.662293523,-0.850212382
0.364329946,-1.686154775
-0.017791171,-1.375364986
0.060596474,-0.909495077
0.106660403,-1.924732738
0.208507559,-1.989030068
0.310859732,-1.545948973
0.293175409,-2.1568673
-0.054431562,-1.082427962
0.485516837,-0.509029262
0.4973084,-0.774189524
0.702891363,-1.380971024
0.713899462,-1.354269243
0.96700989,-0.745795058
0.623469905,-0.764403812
1.131273573,1.640469347
0.957417215,-1.273185977
0.042768697,-0.58925766
0.10460788,-0.806622159
0.186675445,-1.064209792
0.275292599,-1.064209792
0.504854912,-1.244926165
0.485150446,0.29728492
0.641984585,-0.899809137
0.590867801,-0.291165495
0.75741883,-0.121494133
0.251851892,-1.808390577
0.12806237,-2.449380452
0.131713272,-1.047891325
0.207898639,-3.467966069
0.086104538,-1.040544397
0.197901554,-1.018462704
0.313839433,-0.427914955
0.53985067,-1.55897519
0.281762821,-0.468913407
0.532976816,-1.620502914
0.720284115,-1.028372535
0.354428568,-0.83232934
0.575590547,-0.504347392
0.663031642,-1.754097513
0.60854461,-1.094209754
0.457576598,-1.007116915
1.303583019,0.106050763
1.08972229,-0.04937485
1.172797867,-0.759394549
0.808929346,-0.265050786
0.097826914,-1.692919173
0.06350286,-1.56359881
0.158648402,-0.756113733
-0.064076876,-1.147959916
0.208852762,-1.147959916
0.216505351,-0.513812054
0.564405384,0.616233935
0.571222022,-0.373153398
0.369374065,-1.386419453
0.360473998,-1.317911477
0.094421991,-1.638436287
0.122950441,-1.587187146
-0.130640545,-0.462051685
-0.313722467,-0.798716456
-0.227705685,-1.562079094
-0.109853562,-3.018631655
-0.050683271,-0.512618885
0.090370948,-0.937811167
0.154449932,-2.162001205
0.114605129,-1.906257087
0.044861084,-0.301833482
0.381110653,-1.0974957
0.132704911,-0.628925485
0.566583971,-1.850277986
0.49026995,-1.110142106
0.036818152,-1.032432272
0.272546642,-0.501219021
0.308456552,-0.512458917
0.423513425,-1.123308353
0.517873826,-0.477034616
0.659506904,0.34978758
0.755479205,-2.463674757
0.895508049,-1.839710555
0.644582413,-1.546995045
0.658790975,0.751015288
1.032188939,-0.713857463
0.213630024,-3.017532477
0.111142928,-2.283286731
0.10437151,-1.458661705
0.009502648,-0.508875986
0.182630115,-0.508875986
0.482937744,-0.485466478
0.394571259,-0.494599912
0.471375658,-2.019074617
0.183864673,-0.774456402
0.052845987,-1.394919557
0.103550114,-1.436412364
0.025299766,-0.967677578
0.079606837,-0.967677578
0.10555944,-1.090243726
-0.063708734,-2.045736476
0.029383234,-1.339770555
0.106523515,-0.287408916
0.099681833,-0.798927844
-0.011404373,-1.358064196
0.088054727,-0.508515815
0.434057277,-2.685548716
0.260644664,-0.761762989
0.504134922,-1.911629169
0.437123457,-1.489945618
0.296578894,-1.206156137
0.21469553,-1.206156137
0.226102556,-0.657550413
0.200234034,-0.758858319
0.202229591,-1.194007836
0.239004665,-1.112058323
0.2421715,-0.891683491
0.045141241,-0.543707165
-0.05592025,-0.052330438
0.190377218,-0.169152704
0.439673926,-1.315571929
0.242799112,-1.315571929
0.651335059,-0.65186915
0.618346137,-0.883101662
0.605504894,-1.45392687
0.540794603,0.476863237
0.494111957,-1.020180518
0.681807399,-1.244980067
1.804312826,-1.15486408
0.474741684,0.720538246
0.987050721,-0.937206624
0.862327469,-0.06308011
0.34443891,0.12201663
-0.011907302,-0.738841893
-0.027978906,-1.764766702
0.077289134,-0.22042978
0.235821079,-0.695270562
0.326583377,-0.695270562
0.540485781,0.157348122
0.395777174,-0.676610342
0.287152348,-0.281159042
0.172417531,-1.296840165
0.139691131,-0.271299296
0.109840159,-0.343311313
0.101354901,-0.848280463
0.176937815,-0.848280463
0.111255404,-0.418662373
0.306562263,-0.424484004
0.175090113,-1.182326077
0.2614963,-1.54922346
0.145741296,-1.720213432
0.129846769,-2.620006271
0.070749521,-1.224892038
0.152893302,-1.42946699
0.329683156,-1.135935498
0.505803007,-0.855821939
0.393602557,-1.212997755
0.146533561,0.325868311
0.456491634,-1.582333463
0.52538206,-0.665188409
0.767381628,-0.998216553
0.568114361,-1.322407182
0.391141237,-0.846858573
0.094548101,-0.846858573
0.198982225,-0.264999518
-0.06413911,-0.932612465
0.073983829,-1.010109652
-0.147455471,-0.988055132
-0.149942171,-1.303058039
-0.140916234,-0.336997041
-0.059739436,-0.81557057
0.441958859,-0.44432091
0.426799006,-0.550465618
0.574465947,-1.125754641
0.611041181,0.059565273
0.668496487,-0.544256647
0.747893826,-2.004015971
0.518564242,-1.374426765
2.08390794,0.349919728
1.74446672,0.349919728
1.033677108,0.370164698
0.638490492,-1.183416928
0.543446766,-0.307229231
0.272149795,-1.978334125
0.222089283,-0.636640567
0.02473908,-1.197331328
0.023813251,-0.5885064
0.12817698,-0.893365253
0.082198729,-1.553803984
0.164245917,-2.870752956
0.194318385,-0.515615235
0.200885694,-1.350580341
0.311817581,-0.615314095
0.316206865,-1.013150067
0.226558636,-1.013897348
-0.016242322,-1.935355922
0.063662077,0.196999499
0.111841201,0.196999499
-0.014932478,-0.779763073
0.15285074,-1.443511225
0.28754843,-2.725439699
0.308638945,-1.383964765
0.655910027,-0.738593079
0.475736861,-1.597994366
0.224475216,-1.646454616
0.162864572,-1.878648047
0.16415632,-1.878648047
0.356578309,-1.21583368
0.382330204,-2.343373385
0.415984707,-2.15536916
0.631977452,-1.446951204
0.794121652,-1.023965785
0.466771647,-0.989086752
0.386572613,-2.081281713
-0.060137272,-2.081281713
-0.188634582,-1.187570889
-0.124576677,-1.499416501
-0.252939988,-0.172452053
-0.335428426,-0.882848424
-0.217858106,-1.054016379
-0.198214012,0.05228478
0.147286276,-1.508262607
0.329820312,-2.578056731
0.429365003,-1.703714616
0.708285418,-1.95042196
0.4224541,-1.673285683
0.578972235,-1.359318449
0.772490668,-0.912538363
0.601635366,-0.672319104
0.619779245,-1.791191957
0.245867179,-0.716688366
1.727047189,3.444592074
1.43474753,3.444592074
0.666269591,-1.879653665
0.479277407,-1.048807128
0.245124062,-1.797506391
0.292957507,-1.282070856
-0.163757523,-1.418160843
-0.024052359,-1.844135602
0.008101133,-1.423294714
0.004585851,-0.134447158
0.225493519,-0.816761986
0.078797777,-2.000028915
-0.187588478,-0.761034805
0.11204574,-1.916281153
0.146342498,-0.581281697
0.232693861,-0.335345421
0.296163332,-1.174269488
0.047154216,-0.332297201
0.188755615,-1.169476244
-0.003277372,-1.169476244
-0.106384161,-1.502089023
0.327616188,-0.316404986
0.257711664,-2.005683478
0.187348737,-0.178004197
0.551518928,-0.995608318
0.539831,-1.268938751
0.603989053,-2.791928738
0.433784334,-0.234564877
0.262961353,-0.234564877
0.477001042,-1.226220661
0.566608934,-0.740576686
0.232847902,-1.126952418
0.441796272,0.073272779
0.508156608,-0.938328678
0.671044659,-1.279674178
0.26451504,-0.171412338
0.186272609,-2.261852094
0.324231086,-2.261852094
0.13809838,-2.005217593
-0.109518865,-2.056915693
-0.274673515,-1.593106063
-0.123184651,-1.874265181
-0.053161608,-0.366418837
0.078231722,0.318611875
0.366692738,-1.432357204
0.342708167,-2.723614345
0.287154948,-1.173028026
0.182937012,-0.96423292
0.396762322,-1.283724815
0.307026448,-0.791031658
0.264583111,-1.307578333
0.178314132,-2.955533942
0.051643043,-2.040124056
2.214874338,-0.242820605
0.742816802,-0.26680194
-0.201322305,-1.443475372
-0.18652412,-0.499481285
-0.2831214,-2.325222583
-0.122514586,-2.223220225
-0.02442405,-1.377096066
0.088562613,-0.57908004
0.214573832,-0.57908004
0.152742728,-1.086696613
-0.104346887,-1.050733899
-0.02738874,-0.574766185
0.043099542,-1.20114654
0.127001361,-1.613250315
0.108466195,-0.987386417
0.142692108,-1.228523568
0.170103491,-0.783102296
0.154015604,-1.485180479
0.091039549,-1.485180479
0.319582883,-0.867687631
0.332959799,-1.690281771
0.623917345,-0.637155425
0.543952262,-0.869147322
0.675227428,-1.778621972
0.71511815,-1.413996136
0.592648854,-2.901502693
0.447664361,-1.628098604
0.359872079,-1.628098604
0.375999351,-0.407496301
0.234903426,-0.79289888
0.098394119,-1.356613139
0.20087717,-1.265964913
-0.027212429,-0.83486171
0.133311882,-1.075517155
0.449777341,0.207361682
0.018364026,-2.007159878
0.09621307,-1.856493608
-0.003597788,-1.856493608
0.07487989,-2.125409547
-0.137981385,0.166030089
-0.241684992,-1.049916538
0.021536305,-1.441946166
-0.037563096,-1.136207575
0.243471849,0.303717317
0.305392859,-0.650698846
0.260590097,-0.770835837
0.201010698,-1.670444971
0.166544991,-2.0032675
0.089779181,-2.689822919
0.173183263,-1.929704621
-0.120405522,-3.850867077
-0.182702581,-3.556430363
0.069951754,-2.753164226
1.667572379,-0.242820605
0.549967008,-0.463340449
0.215915708,-0.26680194
-0.266646089,-1.443475372
-0.274645986,-0.499481285
-0.134985596,-2.325222583
-0.335925803,-2.223220225
-0.010559973,-1.377096066
0.137108339,-0.57908004
0.220855113,-0.57908004
0.097638569,-1.086696613
0.062549307,-1.050733899
-0.084018963,-0.574766185
0.070373838,-1.20114654
0.176530739,-1.613250315
0.059740368,-0.987386417
-0.111186816,-1.228523568
0.076165553,-0.783102296
0.100900443,-1.485180479
0.843392047,-1.485180479
0.304609017,-0.867687631
0.31012829,-1.690281771
0.475721527,-0.637155425
0.429614363,-0.869147322
0.819396119,-1.778621972
0.888172118,-1.413996136
0.62282536,-2.901502693
0.51469558,-1.628098604
0.418472208,-1.628098604
0.368099441,-0.407496301
0.075079698,-0.79289888
0.259167467,-1.356613139
0.060300575,-1.265964913
0.123464256,-0.83486171
-0.056279321,-1.075517155
0.180111898,0.207361682
-0.122803596,-2.007159878
-0.135983817,-1.856493608
-0.087400599,-1.856493608
0.025429793,-2.125409547
-0.155808812,0.166030089
-0.144451933,-1.049916538
0.062979829,-1.441946166
0.316042618,-1.136207575
0.346245304,-1.537219855
0.308279231,-0.664516764
0.268225083,0.303717317
0.187094037,-0.650698846
0.204697863,-0.770835837
0.068915195,-1.670444971
0.24997038,-2.0032675
0.135164406,-2.689822919
0.075263556,-2.753164226
0.074495287,-2.840498774
1.820155589,-0.965166193
0.575807238,-1.345539134
0.276663101,-0.707144395
-0.134092871,-1.610277787
-0.100927749,-0.94207989
-0.376167245,-0.55416921
0.127484022,-2.232644846
-0.012680489,-1.582089222
0.175347053,-1.212547706
0.011756707,-1.212547706
-0.221482711,-1.640534675
-0.218981536,-1.044394331
-0.000713429,-2.391016682
-0.213261537,-1.850930067
0.017901247,-0.763381969
-0.186352495,-1.523760978
-0.097314218,-1.01125769
0.219415576,-1.043503841
0.121701766,-1.063486738
0.078022804,-1.063486738
0.320421127,-1.264318448
0.270481126,-0.703821647
0.165522212,-1.82467997
0.337153057,-1.072085132
0.463548619,0.032158609
0.471190705,-1.306845055
0.325208189,-0.75742328
0.400998277,-1.764168453
0.490709101,-1.764168453
0.512209003,-0.690358284
0.326305321,-0.611117767
0.091095574,-0.042952684
0.205338607,-1.265021186
0.143722411,-0.476578083
0.112099,-0.788893558
-0.065310627,-0.037544674
-0.145882598,-0.945347877
-0.129450072,-1.471408168
-0.171848679,-1.471408168
-0.385481222,-1.856003521
-0.1678013,-0.79808407
0.26271618,-0.689738977
0.266750677,-1.070804868
0.295438349,-1.920996006
0.101546366,-1.624420935
0.308497083,-1.028606554
0.553771767,-0.778748987
0.421082905,-0.778748987
0.243370556,-0.713387193
0.07014191,-1.712173845
0.137691474,-1.675611205
0.034613613,-2.29947216
0.016996286,-2.985869802
0.065641979,0.858681817
0.000101588,0.858681817
-0.23062894,-0.311334999
1.230340326,-0.36856637
1.80826078,-0.880207988
1.470996154,-0.457060753
0.666335565,-0.457060753
-0.345392252,-2.171804194
0.068801378,-1.036476273
0.199305296,-1.285220767
0.07465877,-1.170726232
-0.138927304,-2.007560582
-0.132528884,-0.854215542
0.042276595,-1.791286313
-0.083639271,-0.76596013
-0.219618262,-1.491134852
-0.0901791,-1.491134852
-0.407797678,-1.736385685
-0.064176736,-1.17288131
-0.008382562,-1.588531475
0.027356686,-1.493712218
-0.104920216,-1.2712773
-0.145013247,-1.179665796
-0.102791133,-1.312263296
0.147275119,0.177085437
0.190525076,-0.90900253
0.028320942,-0.90900253
-0.016625104,-1.659787147
0.149168937,-0.844919435
0.134792157,-1.310176012
-0.049916153,-2.442756553
0.494946178,-1.08894655
0.200149074,-0.839776729
0.214162061,-0.69124812
0.451524032,-0.888533051
0.222058776,-0.888533051
0.349458756,-1.133447748
0.423539968,-1.09881405
0.223897325,0.474923797
-0.089619658,0.550001432
-0.046192264,-1.370139104
-0.072042958,-1.137362919
-0.024397535,-1.910321631
-0.030309229,-1.098006604
-0.155952871,-1.029023141
-0.161139107,-1.029023141
-0.290702109,-2.265294561
-0.033449652,-1.601732539
0.127454448,-2.421255168
0.157091314,-0.566047992
0.141391146,-0.542732856
0.128896262,-2.269261141
0.13729636,-1.833755844
0.491525812,-1.229122348
0.410641968,-1.283722283
0.202725445,-1.283722283
0.274832494,-0.870576501
0.095253406,-1.557296556
0.277923376,-2.906841417
0.35250941,-2.105128328
0.295775022,-1.107224728
0.105783734,-0.168625926
-0.027021026,-3.307675194
-0.015543749,-3.307675194
0.694203312,0.152138381
0.323681945,0.048539454
-0.395207135,0.048539454
-0.056581618,-1.201827193
-0.133858099,-0.581119299
-0.138184619,-1.644804174
-0.04597894,-1.153882269
-0.039033675,-1.092899815
-0.104706304,-1.094747634
-0.110132275,-0.24110098
-0.083676154,-0.288303858
-0.151701461,-1.828907502
-0.088414066,-1.828907502
-0.329648928,-1.470613537
-0.410973537,-2.009375259
-0.339773542,-0.702041449
-0.268210897,-1.317414925
-0.254797628,-0.91046732
-0.26498973,-2.331447694
-0.336624725,-0.099130474
-0.130043074,-0.951758541
-0.128483456,-1.737030874
-0.188220771,-1.737030874
-0.110146864,-2.864842802
0.036975806,-2.82952531
-0.037221919,-1.432851413
-0.07932211,-1.721426877
0.064877917,-1.23694747
-0.207081068,-1.059869421
-0.009153587,-0.232877153
0.177724312,0.072074044
0.254224239,0.072074044
0.17019891,-1.191709459
0.256131361,-0.739193888
0.256774914,-0.997809871
0.025151835,-1.507323656
-0.122648385,-1.787584965
-0.07662535,-1.577372662
0.081825971,-1.586231945
-0.074332709,-0.808228472
-0.301431322,-1.229743615
-0.315976082,-1.229743615
-0.051323623,-0.969171047
-0.018589423,-1.61119283
0.058972889,-1.65617206
-0.148732632,-1.668832182
0.023723021,-0.177759176
0.100265907,-3.065325934
0.210879199,-0.530165862
0.166457346,-1.312733622
0.296894684,-0.989457979
0.241426566,-0.989457979
0.034578292,-0.383582729
0.112239916,-1.472128171
0.150339821,-1.501764163
0.10720614,-1.862160242
0.238057241,-0.564353216
0.091425429,-0.784802048
0.206108981,-1.226392953
-0.168529035,-1.912869601
-0.010697711,-2.00932652
-0.033407906,-0.904843854
0.859876221,1.089641051
0.792754983,-0.652084862
0.348154316,-0.522525928
-0.270712321,-2.204053137
-0.287337206,-2.204053137
-0.158602109,-1.056788327
-0.099610302,-0.654301356
0.05912647,-0.487688004
0.029836911,-1.281018731
-0.09406929,-1.68926765
0.222853748,-2.870022874
-0.047402035,-2.371034564
-0.405207104,-3.834993842
-0.507950205,-2.763311313
-0.555547464,-2.763311313
-0.589259035,-2.385741927
-0.598613598,-1.502272412
-0.472574761,-1.374561851
-0.197902069,-1.248998007
-0.093234292,-1.240905209
-0.57809721,-2.8695052
-0.404518243,-2.338654753
-0.443547216,-1.645792085
-0.258427948,-2.353468218
-0.256824977,-2.353468218
-0.131851692,-2.454606418
-0.203202144,-2.406833504
0.081042459,-0.951593929
-0.028746389,0.312998894
-0.067266808,-0.715428828
-0.09094274,-1.354584548
-0.176481017,-1.267635055
0.043389549,-1.044197754
0.267802729,-1.044197754
0.347958756,-4.426438503
0.231395247,-1.305995321
0.330391638,-1.815970501
-0.152197919,-2.990203167
-0.054821135,-1.852598411
-0.12007595,-2.253350044
-0.088756732,-2.46361724
-0.00098178,-2.370873725
-0.271821074,-1.725778833
-0.258024242,-1.725778833
-0.164170787,-2.111034142
-0.245693543,-1.729536882
0.10268989,-3.290049864
0.097361836,-2.764055801
0.255204311,-2.371054235
0.171516614,-0.370574444
0.040914121,-1.817000761
0.144544876,-0.996719332
0.224029239,-0.996719332
0.02863862,-2.383774959
0.112233725,-2.062997066
-0.060806492,-1.988540668
0.3403571,-1.530958856
0.38713531,0.454559879
0.297260818,-1.69237066
0.141747049,-2.864318829
0.039204402,-2.826150337
0.183387281,-2.080326859
0.115348256,-2.486683296
0.754929788,0.127643941
0.718733117,-1.643960521
0.628990822,-1.568343524
-0.151861907,-0.639167435
-0.480185817,-0.639167435
-0.291389132,-1.402467902
-0.086624861,-2.153972801
0.077526023,-1.870119154
0.041861283,-0.444005272
-0.056755687,-1.661396695
0.263094689,-2.059009955
-0.216290829,-1.119411111
-0.375404622,-1.391038463
-0.687169016,-1.391038463
-0.710406335,-2.24407119
-0.665464758,-1.515580943
-0.412740274,-0.765012804
-0.163820968,-0.582469902
-0.5256106,-1.269258204
-0.396561616,-1.320212029
-0.437050396,-2.338846184
-0.247929172,-2.270573762
-0.207727668,-2.270573762
-0.215580849,-1.161887263
-0.186556468,-1.393418272
-0.093306595,-1.268496637
-0.052485421,-1.563721677
-0.202570806,-2.484121747
-0.072780747,-1.072595516
-0.121901695,-0.467976081
-0.017714666,-1.202939409
0.542315422,-1.202939409
0.28367787,-1.526556253
0.11505863,-2.645962729
0.190789194,-1.883058071
-0.186992419,-2.408098825
-0.196061296,-1.736912529
-0.047421186,-2.702317947
-0.068801974,-2.329575319
-0.073193992,-2.348365753
-0.475979392,-1.415095689
-0.436139064,-1.415095689
-0.485036879,-1.57670138
-0.432511088,-2.689793285
-0.142819595,-0.424717721
0.113361798,-1.83356864
0.301649696,-2.033016386
0.031681525,-1.833774684
0.049962601,-1.608489907
0.341724449,-1.608434009
0.449919394,-1.347220159
0.383645493,-2.126313161
0.439049988,-2.081734721
0.431900491,-1.395767094
0.202796437,-2.257619241
0.153210147,-2.432598567
0.169884871,-1.202033307
1.135453633,-1.011678927
0.89511104,-1.590212055
-0.016881272,-1.697677224
-0.432991118,-1.697677224
-0.405400231,-2.481860193
-0.296151356,-0.861923309
0.205377731,-1.994495188
0.009737811,-1.08154742
-0.151075929,-1.615491613
-0.437978591,-1.413100576
-0.38086713,-0.913643636
-0.721167429,-1.471273941
-0.771769667,-4.049187631
-0.561661298,-4.049187631
-0.482239542,-3.000219597
-0.56082962,-1.727988198
-0.5697006,-1.456935725
-0.59211314,-1.211499998
-0.618956772,-4.964887565
-0.308723647,-3.135175584
-0.47776797,-1.892899936
-0.313652926,-1.3759585
-0.344070265,-1.951540614
-0.206890223,-1.951540614
-0.325270981,-2.534726
-0.319915191,-1.355848343
-0.280005628,-0.123759437
-0.295840597,-0.487315152
-0.206728742,-1.635624487
-0.384835475,-1.211182883
-0.234519258,-1.70355127
-0.116730818,-1.556063164
-0.057496891,-1.556063164
-0.040924086,-1.464704992
-0.039898685,-2.0322234
-0.279346863,-2.327773771
0.065143656,-3.198160447
-0.043922968,-2.047428053
-0.148154905,-1.815575856
-0.205559189,-2.394152535
-0.28256818,-2.394152535
-0.073326784,-1.844997755
0.02790205,-2.905792254
0.103033216,-2.063415823
-0.018964617,-1.868907536
-0.019141042,-2.215364286
0.109955553,-3.017552371
0.141183589,-1.805536866
0.452397101,-1.805536866
0.23586967,-3.400366207
0.294453743,-3.289835927
0.269231456,-3.141692694
0.247071253,-2.315751351
0.057184389,-1.604375386
0.497743651,-2.394309256
1.059274258,-0.704120688
0.736497266,-1.567822076
-0.330174045,-1.04512332
-0.345119032,-1.04512332
-0.325309128,-1.020542978
-0.480081613,-0.834613185
-0.125605352,-0.739661341
-0.16759026,-1.174183652
-0.223674379,-0.937640868
-0.141045546,-2.268400872
-0.325831708,-3.651446529
-0.591518217,-1.852181682
-0.427709685,-1.618187294
-0.473817795,-1.618187294
-0.893339165,-1.635046178
-0.735496385,-2.055340214
-0.702410176,-1.24260949
-0.398058532,-2.240873746
-0.424984438,-2.499244402
-0.267445886,-3.060929058
-0.267521753,-1.547467826
-0.350345734,-1.692629717
-0.095594399,-3.009627088
-0.067832433,-3.009627088
-0.129663748,-2.89325669
-0.032936444,-0.579492247
-0.158185983,-2.138821944
-0.083153268,-1.664894548
-0.00819916,-1.451159127
-0.05580944,-0.418995923
-0.235487288,-1.909350341
-0.289939297,-2.132171158
-0.129578093,-2.132171158
-0.266112846,-3.026168681
-0.220050588,-1.687830932
-0.551890657,-2.54655918
-0.108932351,-1.665072569
0.05309742,-1.035450312
0.081574224,-2.325204175
-0.245279785,-2.518862738
-0.176344773,-2.120198987
-0.145495154,-3.285851067
0.230263466,-2.663667599
0.200026133,-2.961100919
0.15679846,-1.825027988
0.246897236,-2.612319403
0.366492187,-2.612319403
0.856395385,-1.013979297
-0.145712272,-1.296772913
-0.138592917,-1.296772913
-0.330508479,-1.535940402
-0.179807136,-0.82299218
-0.236427356,-1.105694239
-0.237808929,-2.607946466
-0.302837123,-2.295428571
-0.391213156,-2.654856852
-0.381683024,-2.02819713
-0.455389625,-2.308275589
-0.487902978,-0.938022867
-0.699189222,-0.938022867
-0.722396591,-1.53358936
-0.970202283,-2.006204979
-0.768755037,-2.842927788
-0.620192736,-3.015735804
-0.541988287,-2.575613435
-0.345690536,-2.870579258
-0.340696217,-2.907003055
-0.060485663,-1.87109357
-0.085852024,-4.344082086
-0.295851713,-4.344082086
-0.141909853,-3.694251419
-0.153169568,-0.360970419
-0.331251087,-1.831019208
-0.289408111,-1.576745628
-0.117898525,-1.524050477
-0.136664504,-2.737214777
0.075423996,-1.837389871
-0.144929005,-1.948589665
-0.398743446,-1.948589665
-0.528029217,-2.049107243
-0.411179705,-1.763721165
-0.540759587,-1.389856145
-0.40381976,-1.981427227
-0.19065246,-1.065177992
-0.24499484,-1.76701684
-0.372336316,-1.180708685
-0.272362908,-2.177023867
0.052331257,-2.736851787
0.562434766,-2.661801312
0.526249718,-2.835162372
0.52589315,-2.630602609
0.481324774,-2.591813094
0.414983394,-1.901073942
0.27184027,-1.901073942
0.071087578,-2.87329954
-0.134679165,-2.213320559
-0.221550436,-2.213320559
0.892002902,-1.73049198
-0.069247887,-2.892017902
-0.250637937,-2.892017902
-0.111233352,-2.689437926
-0.269036428,-3.295751038
-0.39419034,-0.824558966
-0.329026186,-3.003805842
-0.238639792,-2.323218965
-0.304562237,-1.951455885
-0.443638699,-1.363472503
-0.472724586,-2.073895439
-0.504759311,-2.042007967
-0.496099756,-2.042007967
-0.582028777,-2.008249731
-0.758223812,-2.971356867
-0.648070724,-1.138383201
-0.49773779,-3.33948372
-0.549704455,-2.385249947
-0.492210218,-2.49609664
-0.288111905,-2.243359067
0.127292984,-2.186914198
-0.112698283,-2.473702674
-0.157152497,-2.473702674
-0.171040297,-3.277757773
-0.14310372,-3.55188246
-0.080015027,-2.513738571
-0.187458178,-1.368489162
-0.28960145,-2.04387594
-0.625874193,-2.845719007
-0.248555642,-2.246428427
-0.301269075,-2.684788406
-0.285569869,-2.684788406
-0.459687888,-2.793126265
-0.573295579,-2.353464528
-0.612358278,-1.366352969
-0.472688941,-1.414026432
-0.317902436,-2.776775818
-0.244872378,-1.780924491
-0.485538579,-2.662298918
-0.335201585,-3.421830578
-0.481595459,-3.764077373
-0.598125525,-3.764077373
-0.405185095,-1.471210323
-0.058495718,-1.86834961
0.00228462,-2.621733733
0.081950252,-1.361825386
0.241311014,-2.223949154
0.714556454,-2.43545759
0.665321535,-3.293663789
0.618400565,-3.837268719
0.348441748,-2.135577487
0.099543,-1.015008087
0.142375924,-2.680979902
1.310262692,0.529967844
0.730186063,-1.73049198
-0.030385477,-2.892017902
-0.024607515,-2.892017902
-0.20055373,-2.689437926
-0.45538125,-3.295751038
-0.396752888,-0.824558966
-0.338446744,-3.003805842
-0.34971424,-2.323218965
-0.465182336,-1.951455885
-0.325563932,-1.363472503
-0.396587122,-2.073895439
-0.605624882,-2.042007967
-0.520032288,-2.042007967
-0.714788017,-2.008249731
-0.572981191,-2.971356867
-0.691586108,-1.138383201
-0.447779481,-3.33948372
-0.55569001,-2.385249947
-0.457545078,-2.49609664
-0.166780023,-2.243359067
-0.156109445,-2.186914198
-0.12969474,-2.473702674
-0.197543794,-2.473702674
-0.095132569,-3.277757773
-0.141358697,-3.55188246
-0.20288009,-2.513738571
-0.266750615,-1.368489162
-0.374100488,-2.04387594
-0.75407382,-2.845719007
-0.442293815,-2.246428427
-0.355971012,-2.684788406
-0.335392084,-2.684788406
-0.531683884,-2.793126265
-0.478853152,-2.353464528
-0.352565666,-1.366352969
-0.4693637,-1.414026432
-0.373755775,-2.776775818
-0.542908082,-1.780924491
-0.342185598,-2.662298918
-0.465789537,-3.421830578
-0.543036206,-3.764077373
-0.322264818,-1.471210323
-0.242083706,-1.86834961
0.119493096,-2.621733733
0.097336039,-1.361825386
0.123673363,-2.223949154
0.300094833,-2.32764135
0.710080053,-3.293663789
0.552452403,-3.837268719
0.315693308,-1.015008087
-0.024664736,-2.680979902
0.290883362,-2.475709923
0.637856103,0.49955549
0.39416276,-0.008985856
-0.07452387,-1.458095506
-0.441847251,-1.458095506
-0.382000997,-1.070019369
-0.17236618,-1.389307341
-0.373715922,-1.551433453
-0.389551666,-3.801173678
-0.367095219,-1.263111903
-0.418776688,-2.524653492
-0.343499947,-1.674765866
-0.679477434,-2.391182904
-0.655188269,-2.216509129
-0.543805783,-2.216509129
-0.527803037,-2.224352195
-0.781829096,-1.236204178
-0.798297018,-2.809339192
-0.57886685,-1.564148961
-0.606090947,-4.415069724
-0.393192921,-3.760706107
-0.541109686,-3.089013334
-0.320976661,-4.016407298
-0.217192821,-2.06611091
-0.235471729,-2.06611091
-0.300013868,-3.332407018
-0.206199458,-1.446344446
-0.382542188,-3.005826862
-0.575595392,-2.906060666
-0.346339909,-2.567458052
-0.631712272,-1.296072182
-0.710864864,-2.164216186
-0.558144275,-2.744219545
-0.496902592,-2.744219545
-0.554985019,-2.917246536
-0.472895373,-1.539985018
-0.421428794,-1.604983303
-0.345941086,-1.327209699
-0.55476489,-1.618117481
-0.456346784,-2.389690522
0.007092004,-0.537180146
-0.270021008,-2.28615121
-0.493647043,-1.408828672
-0.205775531,-0.971508372
-0.190213732,-1.519886178
-0.081976095,-3.016848397
-0.028568334,-1.283075189
-0.142182124,-2.05348046
0.205761433,-1.703334462
0.171536498,-1.908559714
0.30556267,-2.901976795
0.260054602,-2.050099321
0.303916592,-2.401407848
0.127951341,-1.168061413
0.928581561,-0.68348533
-0.038527832,-2.602444822
-0.36404329,-2.602444822
-0.335386842,-2.201151519
-0.258531301,-1.997527251
-0.211396283,-1.088608425
-0.470019409,-2.586911104
-0.43436565,-1.966552945
-0.48314934,-1.595738499
-0.678308278,-1.75843534
-0.855081788,-2.059090011
-0.61719789,-1.937829077
-0.631289011,-1.937829077
-0.732319994,-3.540982751
-0.787165906,-1.204855685
-0.465157905,-2.8729347
-0.536986376,-2.892082758
-0.664601012,-3.061497837
-0.276982578,-2.706626842
-0.613300344,-3.318634317
-0.540736053,-2.560201533
-0.411736503,-1.834431366
-0.447896241,-1.834431366
-0.385307341,-1.575479191
-0.45444653,-2.401240393
-0.57790508,-2.318396802
-0.571421978,-1.878877
-0.542421082,-2.206238237
-0.7491968,-1.897807542
-0.747179975,-2.096442121
-0.790587263,-3.02315666
-0.579907988,-3.02315666
-0.610199428,-2.853134542
-0.426621968,-2.558203257
-0.266046173,-2.614697619
-0.427664651,-2.941380891
-0.304806915,-1.103197373
-0.554888312,-3.133393822
-0.255997165,-2.154114815
-0.17901625,-0.280587735
-0.340908066,-1.524272031
-0.168678945,-1.524272031
-0.282243493,-2.709775872
-0.089457277,-3.128818761
-0.198972498,-0.565332056
-0.084075288,-2.616060006
-0.251049284,-3.092183762
-0.032328183,-1.910189364
-0.153572442,-1.83964518
0.013964025,-1.692796649
0.130010932,-2.080630357
0.122831981,-2.080630357
0.102849286,-3.087077094
0.209679989,-3.558574099
0.213959269,-3.767629982
0.200080436,-2.420310688
0.241467736,-3.02149937
0.177838369,-1.32064229
-0.381558648,-2.297122235
-0.061622183,-1.370716876
0.723420079,-1.749556108
0.024018492,-1.771218526
-0.206000639,-1.759137691
-0.216665475,-1.321985662
-0.365971311,-2.488132749
-0.221046107,-2.349227369
-0.243418493,-2.18866578
-0.59069201,-1.597460842
-0.781985883,-1.079639451
-0.682496317,-0.395116347
-0.615573085,-2.689456555
-0.546107085,-2.689456555
-0.511289394,-2.9788464
-0.61532574,-2.324446422
-0.659917249,-1.596262077
-0.252398797,-3.711201171
-0.280806029,-3.267716308
-0.584656378,-2.550331674
-0.367250923,-2.068198971
-0.505518316,-1.452019613
-0.374152851,-1.247776996
-0.429763196,-1.247776996
-0.588580626,-1.805021697
-0.534415852,-1.913759764
-0.649050258,-1.277245929
-0.694421151,-1.182742313
-0.725860408,-2.827024991
-0.68012707,-1.646672196
-0.642138933,-1.954726852
-0.609378277,-2.074045428
-0.502436145,-2.074045428
-0.567585839,-2.564914545
-0.660996821,-2.684593651
-0.642595532,-1.967612212
-0.520846885,-1.514099427
-0.698531366,-2.088057451
-0.587757991,-3.000934406
-0.651953329,-1.618958317
-0.398485903,-0.823897233
-0.374464936,-1.750360153
-0.341311105,-1.750360153
-0.66673325,-0.77230744
-0.467858562,-0.493482599
-0.141981859,-2.070937654
-0.313012374,-3.402183215
-0.265885993,-1.954115468
-0.394630673,-2.354409504
0.133832643,-1.134590641
0.25361454,-2.972076202
0.085192726,-3.404438329
0.336828106,-3.404438329
0.109242874,-2.323771135
0.031991446,-2.055426663
0.040080629,-2.221062275
0.167863305,-1.818761315
0.140463768,-2.441696348
0.086276181,-3.132505958
0.110553805,-3.064607012
0.23370909,-2.711935456
-0.363664484,-1.155488391
0.156006534,-1.962213753
1.056343852,-0.837573015
0.491666922,-1.717203572
-0.477352708,-1.717203572
-0.203902908,-2.629977005
-0.257636463,-3.161877975
-0.432687881,-1.462455579
-0.410518766,-1.667377973
-0.686566089,-2.124307182
-0.746104983,-2.128694617
-0.446583168,-2.799565238
-0.336209227,-2.799565238
-0.636075255,-2.430134735
-0.551949778,-1.703463492
-0.641136185,-1.739219623
-0.496292594,-2.612710905
-0.295981184,-2.809508815
-0.401185027,-2.417281391
-0.500285814,-1.498322606
-0.431370204,-2.299680129
-0.481067721,-2.445156413
-0.492498728,-2.445156413
-0.549812625,-1.946272378
-0.686669031,-2.221241143
-0.80662497,-1.981572511
-0.951767156,-2.653847228
-0.846382423,-1.617993322
-1.028461336,-2.901581583
-0.67742883,-3.429026452
-0.715714121,-2.262303604
-0.735274243,-2.262303604
-0.728628998,-2.710854331
-0.769924874,-1.032467391
-0.682892535,-1.946690291
-0.702758487,-1.379024543
-0.516891347,-1.91105425
-0.428071042,-0.80763568
-0.48769746,-2.114764992
-0.322212608,-1.881248836
-0.413122072,-1.329963565
-0.474375089,-1.329963565
-0.406517544,-1.581805193
-0.052593628,-1.231063018
-0.372385969,-2.640089826
-0.462247463,-2.158157834
-0.663037316,-1.668471322
-0.241344391,-1.606628397
0.200818833,-1.88901498
0.315270346,-2.739248996
0.138594136,-1.187428847
0.392927838,-1.187428847
0.144978041,-1.053851592
0.154191734,-0.949508548
-0.165168515,-1.599828251
-0.119963427,-1.438498252
-0.123425453,-2.820394978
0.177376126,-1.650028471
0.081608978,-3.730086548
-0.09406018,-2.3976266
-0.13508394,-2.589898357
-0.325580308,-2.643561941
-0.537839907,-1.883087524
-0.234096933,-1.10393111
-0.573852134,-0.922662431
-0.803743618,-2.134957268
-0.675038819,-2.31316714
-0.610036889,-2.31316714
-0.906631441,-2.065886606
-0.716300265,-2.354186416
-0.702650643,-3.190598942
-0.580015393,-2.29979747
-0.509101772,-2.29698684
-0.557020826,-2.455718037
-0.476430705,-1.909167881
-0.638582237,-1.824505306
-0.558664587,-2.636758773
-0.625740142,-2.636758773
-0.795600261,-2.370584606
-0.742557314,-2.947316795
-0.82053694,-3.803137785
-0.762632872,-2.193295683
-0.681932457,-3.13715195
-0.542006378,-2.819564395
-0.691486476,-2.439194668
-0.692974505,-3.689219995
-0.590123969,-3.689219995
-0.715763971,-2.715128898
-0.518507122,-0.290239787
-0.534155819,-3.022422571
-0.434784911,-2.865936165
-0.604764949,-2.305018171
-0.484486523,-1.732030924
-0.552002504,-2.203989705
-0.269395963,-0.727770122
-0.478426316,-1.582937803
-0.560498552,-1.582937803
-0.431786856,-2.471956799
-0.656260009,-2.849195521
-0.735382127,-3.170722732
-0.503074554,-1.7311832
-0.505619836,-2.055399271
-0.220512217,-2.177839376
-0.079099542,-2.433473427
0.223182316,-1.537963478
0.293254398,-3.221969033
0.39774184,-3.221969033
0.181580706,-1.689513341
0.242700062,-1.363976709
0.018023549,-1.739744237
0.069894131,-2.378783654
0.166441694,-2.35487151
0.306876762,-2.642104754
0.089156602,-3.247470192
-0.334370031,-1.851602692
-0.283452486,-1.403874994
-0.727142682,-1.497750452
-0.820326066,-1.266935958
-0.59889124,-1.302388122
-0.550759744,-1.302388122
-0.508524345,-1.32201568
-0.988319766,-1.70030016
-0.901035432,-2.897448886
-0.481845708,-1.426900475
-0.58238878,-2.914850204
-0.651578431,-2.284596055
-0.658411985,-2.00831715
-0.655346363,-1.869631244
-0.548464301,-2.353976929
-0.620960144,-2.353976929
-0.852473228,-3.235790944
-0.965634568,-2.634615538
-0.913048584,-2.275505972
-0.517682485,-1.984411117
-0.462218802,-1.358181367
-0.528859668,-1.460557989
-0.552859613,-1.556468337
-0.775516254,-2.147955584
-0.894613011,-2.147955584
-0.633218039,-1.200979745
-0.254585549,-1.84836881
-0.496790204,-2.901539181
-0.440966549,-2.714460193
-0.462891078,-2.994833319
-0.415151712,-1.653651798
-0.620486249,-2.229198849
-0.475315506,-3.061283638
-0.344043197,-2.615416123
-0.370404615,-3.095734781
-0.459632991,-2.489474988
-0.60436982,-1.88023439
-0.637903743,-2.399044991
-0.239782011,-4.709830813
0.196992179,-2.450589363
0.168987919,-1.872615552
0.346714113,-1.872615552
0.044626047,-2.465543611
0.206656441,-2.804898638
0.304188198,-2.144682944
-0.251766724,-2.121804127
0.243847536,-1.114707234
-0.131169874,-3.285556736
-0.237968094,-2.501527952
-0.242481738,-2.986105504
-0.597358518,-1.036731248
-0.497889264,-1.828485885
-0.544669522,-1.251444989
-0.428594877,-1.942569441
-0.498310579,-1.942569441
-0.698236977,-3.342185942
-0.843832029,-2.847374876
-0.814467078,-3.582307058
-0.762280138,-2.66887739
-0.719115426,-2.031561302
-0.575920764,-1.847345945
-0.443283021,-1.776994581
-0.614057306,-1.923084406
-0.525245191,-2.412923794
-0.627415377,-2.412923794
-0.578008263,-1.602851288
-0.939267994,-1.037923851
-0.994864166,-2.106597919
-1.217996554,-1.872949375
-0.643030493,-1.915271901
-0.702400145,-1.932029908
-0.631035196,-2.029161767
-0.774114719,-2.202268291
-0.469419474,-2.202268291
-0.220694616,-1.524120526
-0.399291675,-1.694105729
-0.427981087,-3.003842919
-0.337749368,-2.703290666
-0.308448695,-1.89793623
-0.47730021,-1.669607437
-0.35185318,-1.428783915
-0.267507932,-1.552794843
-0.213591629,-1.552794843
-0.091988689,-1.157254974
-0.259190563,-1.147291179
-0.04592753,-1.023841632
-0.351622901,-1.553078786
-0.591280817,-2.237374688
-0.686448923,-1.990922805
-0.225119506,-2.003340994
0.145991937,-1.909879288
-0.04877567,-2.064914283
0.104659688,-2.064914283
0.052808315,-2.43150506
0.144072075,-2.182213689
0.363283467,-4.289032189
0.00866354,-2.136173206
0.084550296,-2.308717025
-0.019485702,-1.245556915
-0.033478564,-2.200704438
-0.107253229,-2.703096429
0.379623048,-3.989692339
0.321677068,-1.285216521
-0.20218917,-1.393665575
-0.349385673,-2.273323914
-0.614595615,-1.759139529
-0.770769106,-1.759139529
-0.685658239,-2.08529103
-0.725950066,-1.607047747
-0.705396393,-2.027442186
-0.597765245,-3.068913887
-0.700502547,-1.766260081
-0.712328664,-3.332052796
-0.53420714,-2.933972761
-0.522630043,-1.933336234
-0.368940972,-3.08586691
-0.427171374,-3.08586691
-0.490565332,-3.6988411
-0.869252507,-2.506651054
-1.13704873,-2.768345359
-1.088859071,-2.57745147
-0.810061525,-2.373622582
-0.632677464,-1.343012201
-0.688997306,-2.572108639
-0.622780152,-2.245829524
-0.425488909,-2.245829524
-0.342098428,-0.929609152
-0.349284283,-1.735657021
-0.304167422,-2.87924142
-0.394681139,-2.376887888
-0.043655764,-3.588742826
-0.489738872,-5.065261452
-0.340776779,-1.192799923
-0.100783077,-1.608916104
-0.031149415,-1.608916104
-0.00504578,-1.984450269
-0.09768246,-1.338319923
-0.113474013,-1.929610316
-0.460095786,-2.11395444
-0.636618375,-2.487750144
-0.599085327,-2.186442858
-0.214341561,-3.090046878
-0.271484434,-1.408398214
-0.0766841,-1.408398214
-0.036363898,-1.872317248
-0.146684272,-2.048242548
-0.31161364,-4.12488387
-0.06801106,-2.252994153
-0.10046081,-2.653076838
-0.201542111,-3.598443297
-0.313227595,-3.762008533
-0.248752531,-2.669285182
-0.080997731,-5.838981415
0.311758286,-5.838981415
0.554827546,-2.502043703
0.157976009,-2.66761853
-0.148012121,-1.147178097
-0.373794894,-2.783911273
-0.604903451,-1.404893315
-0.654055158,-3.070457681
-0.869990218,-2.697513159
-0.681525028,-3.433918368
-0.739330698,-1.779756415
-0.518904341,-1.812720698
-0.583378642,-2.53322308
-0.386783803,-1.025184678
-0.515383898,-2.749862075
-0.196749473,-2.749862075
-0.637139289,-4.369678134
-0.977424776,-2.688676396
-0.916598278,-2.438487582
-0.89665206,-3.76448495
-1.004244065,-2.743896148
-0.724326729,-2.296016307
-0.577903788,-3.335653412
-0.435714839,-2.477818677
-0.384832583,-2.477818677
-0.37939083,-1.341914427
-0.161367974,-2.364969984
-0.187287336,-3.461449012
-0.368248805,-2.529277811
-0.037723167,-2.025814875
-0.205149243,-2.896482787
-0.222543863,-3.31327492
-0.265549747,-3.363077399
-0.401830634,-2.353318945
-0.613282891,-1.670705945
-0.505452585,-2.765809043
-0.486546362,-3.482502535
-0.585741908,-2.743806903
-0.281946356,-3.036631288
0.004035679,-3.163608823
-0.304122829,-3.163608823
-0.078426453,-3.878769934
-0.271295073,-1.814204567
-0.165425416,-2.463368029
-0.148795841,-4.286722016
-0.406555521,-2.52674258
-0.303195049,-2.910686076
-0.204473439,-3.121219713
-0.113472048,-2.978278313
-0.130663398,-2.743443513
0.636640208,-2.66761853
0.318521673,-1.435681524
0.067418613,-1.147178097
-0.520897559,-1.404893315
-0.625134634,-3.070457681
-0.891133726,-2.697513159
-0.624881426,-3.433918368
-0.635112461,-1.779756415
-0.52591941,-1.812720698
-0.478251883,-2.53322308
-0.508974715,-1.025184678
-0.669143775,-2.749862075
-0.673592556,-2.749862075
-0.788045454,-4.369678134
-1.020364253,-2.688676396
-1.055724815,-2.438487582
-0.979353547,-3.76448495
-1.055274687,-2.743896148
-0.710771598,-2.296016307
-0.717257695,-3.335653412
-0.127810361,-2.477818677
0.335368108,-2.477818677
0.137774961,-1.341914427
-0.05245174,-2.364969984
0.082228072,-3.461449012
-0.074359073,-2.529277811
-0.260499054,-2.025814875
-0.302226654,-3.363077399
-0.147461635,-2.353318945
-0.409074911,-1.670705945
-0.636142659,-2.765809043
-0.654390746,-3.482502535
-0.635569838,-2.743806903
-0.187055799,-3.036631288
0.168376555,-4.006990146
-0.029634804,-3.163608823
0.210010018,-3.163608823
-0.100619535,-3.878769934
-0.261095988,-1.814204567
-0.125767756,-2.463368029
-0.254049778,-4.286722016
-0.268140012,-2.52674258
-0.264942882,-2.910686076
-0.105193496,-3.121219713
-0.036773153,-2.978278313
0.102282391,-2.743443513
-0.600572855,-3.13525119
-0.790092561,-2.929712545
-0.503677505,-1.757652109
-0.515574827,-2.489700099
-0.433987596,-4.573108453
-0.700015876,-4.014419713
-0.574750649,-3.322229022
-0.47908804,-2.421724126
-0.681352501,-2.421724126
-0.668926076,-1.495580654
-0.929646455,-2.760344643
-0.872189334,-2.672737916
-0.696899308,-2.772401407
-0.946849782,-3.068457076
-0.677918635,-3.175046953
-0.390042858,-2.439303769
-0.281522839,-2.121313369
-0.003773541,-2.121313369
0.258922984,-1.187555321
0.121780595,-1.705387769
0.065435538,-2.507639307
-0.099255743,-2.347641701
-0.390875515,-2.704314242
0.08713936,-3.63414592
0.071482641,-3.177347319
0.036508758,-3.086001073
-0.235399354,-1.886653162
-0.526628174,-1.736856989
-0.606762259,-4.151889148
-0.568525021,-3.384059679
-0.132349099,-2.803305816
-0.163955589,-1.959632581
-0.12694836,-1.897870917
-0.018232,-1.897870917
-0.254542317,-1.296804464
-0.299382443,-1.967298647
-0.080519401,-3.157791822
-0.065400547,-2.19931114
-0.148760093,-3.660006858
-0.085732849,-3.79745371
-0.044361392,-2.04306938
0.110928647,-3.822683101
0.067871869,-3.436631852
-0.372497772,-2.272033737
-0.417236731,-2.160360629
-0.418119049,-1.775621068
-0.628197073,-1.731564629
-0.459509344,-3.067126129
-0.572702864,-3.030992474
-0.676373118,-2.860119856
-0.853018531,0.630646522
-0.466623453,0.630646522
-0.734183648,-2.330643453
-0.800437555,-1.605175021
-0.486574146,-1.983200802
-0.162413342,-1.941881262
-0.426368171,-4.798792029
-0.480085864,-1.963100733
-0.094004148,-1.345255034
-0.030103667,-1.934608203
-0.093571987,-1.934608203
0.021083078,-1.452955014
-0.09544212,-2.041420261
-0.311152728,-2.693923984
-0.434403822,-1.109427181
-0.485915125,-2.762271165
0.424085115,-1.611126758
0.366517918,-1.17808372
-0.242384266,-0.691137519
-0.20382187,-1.965511483
-0.294823048,-2.504870777
-0.410015813,-3.606539694
-0.395541835,-2.405770128
-0.21510244,-1.686695873
-0.301556746,-0.726137977
-0.26853939,-1.351050711
-0.047110197,-1.351050711
-0.19462735,-2.658883718
-0.22483187,-1.965225321
-0.02301838,-2.792013177
-0.324097604,-2.710556847
-0.093766622,-3.778169267
-0.073414646,-2.23973779
0.183302157,-3.161094727
0.205353553,-4.005717871
-0.729470301,-1.932882683
-0.591724767,-1.617775216
-0.665668474,-1.247153453
-0.401586229,-1.978994313
-0.419396819,-1.145200028
-0.20528162,-2.806147054
-0.483227201,-1.729571986
-0.5396671,-1.729571986
-0.30569233,-2.7646091
-0.416506128,-2.250026594
-0.083950301,-1.359195957
-0.069549885,-1.851159816
0.180875234,-1.145805851
0.134700332,-1.716528474
0.445631207,-0.785946882
0.109723839,-0.785946882
0.060892377,-1.918042647
-0.220874313,-2.964148402
0.061263785,-0.925141037
-0.104963147,-1.087153555
-0.323174959,-2.221992567
-0.067721473,-2.606138025
-0.141722449,-3.151649206
-0.269200648,-1.691159998
-0.385653495,-3.718038753
-0.3923479,-1.96330291
-0.2889495,-1.730648814
-0.332505543,-2.832859832
-0.582162015,-2.907329735
-0.502224641,-2.571327724
-0.424643545,-2.571327724
-0.410558602,-2.377927603
-0.036090642,-2.305109354
-0.437617714,-2.171059892
-0.066705192,-2.510172609
-0.186248637,-2.729128637
-0.054989112,-2.19218914
-0.004689253,-2.584523895
0.490412917,-2.558212786
-0.679850338,-1.499051574
-0.54089541,-1.574183607
-0.502030581,-2.853507702
-0.553846526,-2.726309206
-0.404418505,-2.726309206
-0.416551769,-1.195463501
-0.291097822,-2.466499743
-0.185483212,-2.970942747
-0.260889203,-2.208531607
-0.023012922,-1.731092356
0.409740065,-0.823628246
0.400010313,-1.436424532
0.384885732,-1.52492552
-0.135526045,-1.52492552
-0.262724669,-1.469071633
-0.509066482,-2.031497933
-0.350880788,-2.116444434
-0.369079819,-1.465664952
-0.22257326,-1.07445147
-0.410795337,-2.453400345
0.532021158,-3.957573483
0.214813938,-2.493202412
-0.169906284,-3.383251176
-0.371524035,-2.192092131
-0.32385304,-2.37848846
-0.25025535,-2.555881181
-0.249304702,-2.879677453
-0.368603404,-1.804490922
-0.541584928,-3.580889841
-0.515445826,-2.346056288
-0.309810956,-2.346056288
-0.222371563,-2.52742896
-0.436099328,-2.251457663
-0.419273315,-3.514381686
0.166356363,-2.104143079
-0.003201701,-0.983072342
-0.042291622,-2.417683034
0.242850932,-2.760763143
-0.272628046,-2.964855396
-0.113470506,-2.04116253
0.388724216,-2.288178007
-0.321629005,-1.811432352
-0.358227465,-2.396836863
0.041719837,-1.005594085
0.021654829,-1.343963304
0.037996786,-0.60244782
-0.430301383,-0.60244782
-0.541428116,-2.299418269
-0.81404484,-2.408392507
-0.460565016,-1.486837523
-0.265467953,-3.303670138
-0.123902243,-1.605926576
0.139548065,-2.287819203
-0.173293127,-2.373790453
-0.282735749,-4.622486823
-0.26202373,-3.248821894
-0.17399037,-3.106486957
-0.258739357,-2.524963365
-0.54175424,-2.220994292
-0.522336704,-2.259628562
-0.401863607,-2.710470242
-0.325978102,-2.139657839
-0.365900744,-3.599397986
-0.205637834,-2.203673379
-0.08292351,-1.755255302
0.295933024,-1.575146902
0.227784308,-2.068758341
0.048442793,-1.768716094
0.481546463,-1.848685615
-0.068950751,-0.565013906
-0.140346672,-1.493274659
0.287721322,-0.992924246
-0.04255762,-0.193452673
-0.18323352,-2.153989057
-0.411063051,-2.153989057
-0.516373124,-2.799281667
-0.633681237,-2.455262674
-0.70254829,-1.810411771
-0.125130663,-1.345245661
-0.274086034,-2.194862969
0.03808432,-0.13459446
-0.094357869,-1.314811701
-0.211870391,0.013047913
-0.387410909,0.013047913
-0.432143045,-2.252341183
-0.480393141,-2.291216658
-0.435533334,-2.260541376
-0.338810516,-2.675783618
-0.210008888,-2.318763568
-0.464997756,-2.106962011
-0.212883273,-1.180523682
0.23268353,-0.932261875
0.12901097,-1.12207648
0.597342705,-0.794512523
0.448231109,-1.22969812
0.300455522,-1.389243201
0.134025679,-0.655359528
0.57455322,-0.317497885
0.141865097,-0.581289267
-0.011910098,-1.381263294
0.254757703,-1.381263294
0.091578627,-1.163895088
-0.211370832,-1.362635436
-0.018197725,-2.731700829
0.095497621,-0.136499612
-0.047644296,-0.584141275
0.073164473,-1.513608428
-0.459885294,-0.583807571
-0.66018699,-0.583807571
-0.522553403,-1.89077378
0.458571699,-2.5995846
0.610523312,-2.157548719
0.650530298,-2.291101372
0.174701693,-1.780729068
0.364939186,-2.801410913
0.481442901,-0.901148783
0.415877995,-1.699106813
0.777428943,-0.926099562
0.505027997,-2.11953926
0.497194072,-0.106846381
0.485220051,-0.554699047
-0.054452732,-1.441195941
0.101187971,-1.477170556
-0.00809991,-1.477170556
-0.008814392,-1.630084971
0.197438869,-1.717152958
0.039839107,-3.078427446
-0.463733588,-1.229935113
-0.308764809,-0.074011762
-0.231011672,-0.7606537
-0.404164266,-1.604586062
-0.132054675,-2.157009338
-0.57235905,-1.548580166
-0.46593179,-1.548580166
-0.450142954,-1.500526318
0.946739082,-0.415465416
0.621958056,-0.811142168
0.419819411,-2.166104551
0.217146263,-1.749162686
-0.034242125,-2.631420688
0.204808121,-2.631420688
0.308861113,-2.740302194
0.435001298,-0.453633224
-0.053760871,-0.508701946
-0.174292061,-0.782491592
-0.133611641,-2.423360324
-0.164421583,-2.57143117
-0.314567934,-2.346505202
-0.211541836,-2.046559262
-0.46251096,-1.150449858
0.656312396,-0.811142168
-0.098305773,-2.166104551
0.341034747,-1.749162686
0.440518518,-2.631420688
0.536879465,-2.631420688
-0.230690003,-2.57143117
-0.192793777,-2.346505202
-0.381097599,-2.046559262
-0.478563502,-1.150449858
-0.354344673,-1.820069979
-0.142011809,-1.837134709
0.525440965,-1.745296233
0.029437233,-1.770836675
0.078049922,-1.121218462
0.127420503,-2.139215732
0.165656771,-1.170440744
-0.212585777,-1.760112942
0.605808283,-0.671228424
0.502198505,-1.906778429
0.485121004,-1.328522511
0.426250031,-0.678912868
1.246710072,-0.678912868
0.842677289,-1.70643257
1.076156387,-1.009786648
1.408552132,-0.824762034
1.322414873,-1.276139987
1.297840352,-1.313978746
1.599344876,-1.965706902
